{"cameraMode":{"drawMode":0,"name":"Shaded","section":"Shading Mode"},"sceneLighting":true,"audioPlay":false,"sceneViewState":{"showFog":true,"showMaterialUpdate":false,"showSkybox":true,"showFlares":true,"showImageEffects":true,"showParticleSystems":true},"in2DMode":false,"pivot":{"x":-11.441862106323243,"y":4.081016540527344,"z":-0.927067756652832},"rotation":{"x":-0.5463132858276367,"y":-0.07892349362373352,"z":0.05297820270061493,"w":-0.8325380682945252},"size":14.08106803894043,"orthographic":false}