{"cameraMode":{"drawMode":0,"name":"Shaded","section":"Shading Mode"},"sceneLighting":true,"audioPlay":false,"sceneViewState":{"showFog":true,"showMaterialUpdate":false,"showSkybox":true,"showFlares":true,"showImageEffects":true,"showParticleSystems":true},"in2DMode":false,"pivot":{"x":-19.83817481994629,"y":-1.4863159656524659,"z":-3.134767532348633},"rotation":{"x":-0.4951253831386566,"y":-0.004002461209893227,"z":0.003415617858991027,"w":-0.8691600561141968},"size":9.556928634643555,"orthographic":false}